form	lemma	POS	morph
༄༅།		PUNCT
		
།		PUNCT
བཅོམ་ལྡན་འདས་	བཅོམ་ལྡན་འདས་	NOUN
མ་	མ་	PART
ཤེས་རབ་	ཤེས་རབ་	NOUN
ཀྱི་	གི་	PART
ཕ་རོལ་	ཕ་རོལ་	NOUN
ཏུ་	ལ་	PART
ཕྱིན་པ་	ཕྱིན་པ་	VERB
འི་	གི་	PART
སྙིང་པོ་	སྙིང་པོ་	NOUN
།		PUNCT
		
།		PUNCT
སྨྲ་	སྨྲ་	VERB
བསམ་བརྗོད་	བསམ་བརྗོད་	NO_POS
མེད་	མེད་	VERB
ཤེས་རབ་	ཤེས་རབ་	NOUN
ཕ་རོལ་	ཕ་རོལ་	NOUN
ཕྱིན་	ཕྱིན་	VERB
།		PUNCT
		
།		PUNCT
མ་	མ་	PART
སྐྱེ་	སྐྱེ་	VERB
མི་	མི་	PART
འགག་	འགག་	VERB
ནམ་མཁ་	ནམ་མཁའ་	NOUN
འི་	གི་	PART
ངོ་བོ་	ངོ་བོ་	NOUN
ཉིད་	ཉིད་	DET
།		PUNCT
		
།		PUNCT
སོ་སོ་	སོ་སོ་	PRON
རང་རིག་	རང་རིག་	NO_POS
ཡེ་ཤེས་	ཡེ་ཤེས་	NOUN
སྤྱོད་ཡུལ་བ་	སྤྱོད་ཡུལ་བ་	NOUN
།		PUNCT
		
།		PUNCT
དུས་གསུམ་	དུས་གསུམ་	OTHER
རྒྱལ་བ་	རྒྱལ་བ་	NOUN
འི་	གི་	PART
ཡུམ་	ཡུམ་	NOUN
ལ་	ལ་	PART
ཕྱག་	ཕྱག་	NOUN
འཚལ་	འཚལ་	VERB
ལོ་	གོ་	PART
།		PUNCT
		
"།
༈"		PUNCT
		
རྒྱ་གར་	རྒྱ་གར་	PROPN
སྐད་	སྐད་	NOUN
དུ་	ལ་	PART
།		PUNCT
བྷ་	བྷ་	NO_POS
ག་བ་	ག་བ་	PRON
ཏི་	ཏི་	NO_POS
པྲཛྙཱ་	པྲཛྙཱ་	NO_POS
པཱ་	པཱ་	NO_POS
ར་	ར་	ADP
མི་	མི་	PART
ཏཱ་	ཏཱ་	NO_POS
ཧྲི་		NON_WORD
ད་	ད་	ADV
ཡ་	ཡ་	NOUN
།		PUNCT
བོད་སྐད་	བོད་སྐད་	PROPN
དུ་	ལ་	PART
།		PUNCT
བཅོམ་ལྡན་འདས་	བཅོམ་ལྡན་འདས་	NOUN
མ་	མ་	PART
ཤེས་རབ་	ཤེས་རབ་	NOUN
ཀྱི་	གི་	PART
ཕ་རོལ་	ཕ་རོལ་	NOUN
ཏུ་	ལ་	PART
ཕྱིན་པ་	ཕྱིན་པ་	VERB
འི་	གི་	PART
སྙིང་པོ་	སྙིང་པོ་	NOUN
།		PUNCT
		
།		PUNCT
བམ་པོ་	བམ་པོ་	NOUN
གཅིག་	གཅིག་	NUM
གོབཅོམ་		NON_WORD
ལྡན་	ལྡན་	VERB
འདའ་	འདའ་	VERB
མ་	མ་	PART
ཤེས་རབ་	ཤེས་རབ་	NOUN
ཀྱི་	གི་	PART
ཕ་རོལ་	ཕ་རོལ་	NOUN
ཏུ་	ལ་	PART
ཕྱིན་པ་	ཕྱིན་པ་	VERB
ལ་	ལ་	PART
ཕྱག་	ཕྱག་	NOUN
འཚལ་	འཚལ་	VERB
ལོ་	གོ་	PART
།		PUNCT
		
།		PUNCT
འདི་སྐད་	འདི་སྐད་	NO_POS
བདག་	བདག་	PRON
གིས་	གིས་	PART
ཐོས་པ་	ཐོས་པ་	VERB
དུས་	དུས་	NOUN
གཅིག་	གཅིག་	NUM
ན་	ལ་	PART
།		PUNCT
བཅོམ་ལྡན་འདས་	བཅོམ་ལྡན་འདས་	NOUN
རྒྱལ་པོ་	རྒྱལ་པོ་	NOUN
འི་	གི་	PART
ཁབ་	ཁབ་	NOUN
བྱ་རྒོད་	བྱ་རྒོད་	NOUN
ཕུང་པོ་	ཕུང་པོ་	NOUN
འི་	གི་	PART
རི་	རི་	NOUN
ལ་	ལ་	PART
དགེ་སློང་	དགེ་སློང་	NOUN
གི་	གི་	PART
དགེ་འདུན་	དགེ་འདུན་	NOUN
ཆེན་པོ་	ཆེན་པོ་	ADJ
དང་	དང་	NO_POS
།		PUNCT
བྱང་ཆུབ་	བྱང་ཆུབ་	NOUN
སེམས་དཔ་	སེམས་དཔའ་	NOUN
འི་	གི་	PART
དགེ་འདུན་	དགེ་འདུན་	NOUN
ཆེན་པོ་	ཆེན་པོ་	ADJ
དང་	དང་	NO_POS
ཐབས་	ཐབས་	NOUN
གཅིག་	གཅིག་	NUM
ཏུ་	ལ་	PART
བཞུགས་	བཞུགས་	VERB
ཏེ་	སྟེ་	PART
།		PUNCT
དེ་	དེ་	DET
འི་	གི་	PART
ཚེ་	ཚེ་	NOUN
བཅོམ་ལྡན་འདས་	བཅོམ་ལྡན་འདས་	NOUN
ཟབ་མོ་	ཟབ་མོ་	ADJ
སྣང་བ་	སྣང་བ་	VERB
ཞེ་	ཅེས་	PART
བྱ་བ་	བྱ་བ་	VERB
ཆོ་	ཆོ་	NOUN
ཀྱི་	གི་	PART
རྣམ་	རྣམ་	NOUN
གྲངས་	གྲངས་	NOUN
ཀྱི་	གི་	PART
ཏིང་ངེ་འཛིན་	ཏིང་ངེ་འཛིན་	NOUN
ལ་	ལ་	PART
སྙོམས་པ་		
ཞུགས་	ཞུགས་	VERB
སོ་	གོ་	PART
"།
།"		PUNCT
ཡང་	ཀྱང་	PART
དེ་	དེ་	DET
འི་	གི་	PART
ཚེ་	ཚེ་	NOUN
བྱང་ཆུབ་	བྱང་ཆུབ་	NOUN
སེམས་དཔའ་	སེམས་དཔའ་	NOUN
སེམས་དཔའ་	སེམས་དཔའ་	NOUN
ཆེན་པོ་	ཆེན་པོ་	ADJ
འཕགས་པ་	འཕགས་པ་	VERB
སྤྱན་རས་	སྤྱན་རས་	NO_POS
གཟིགས་	གཟིགས་	VERB
དབང་ཕྱུག་	དབང་ཕྱུག་	NOUN
ཤེས་རབ་	ཤེས་རབ་	NOUN
ཀྱི་	གི་	PART
ཕ་རོལ་	ཕ་རོལ་	NOUN
ཏུ་	ལ་	PART
ཕྱིན་པ་	ཕྱིན་པ་	VERB
ཟབ་མོ་	ཟབ་མོ་	ADJ
སྤྱོད་པ་	སྤྱོད་པ་	VERB
ཉིད་	ཉིད་	DET
ལ་	ལ་	PART
རྣམ་པ་	རྣམ་པ་	NOUN
ར་	ལ་	PART
བལྟ་	བལྟ་	VERB
ཞིང་	ཅིང་	PART
།		PUNCT
ཕུང་པོ་	ཕུང་པོ་	NOUN
ལྔ་པོ་	ལྔ་པོ་	NUM
དེ་དག་	དེ་དག་	OTHER
ལ་	ལ་	PART
ཡང་	ཀྱང་	PART
རང་བཞིན་	རང་བཞིན་	NOUN
གྱིས་	གིས་	PART
སྟོང་པ་	སྟོང་པ་	VERB
ར་	ལ་	PART
རྣམ་པ་	རྣམ་པ་	NOUN
ར་	ལ་	PART
བལྟ་	བལྟ་	VERB
འོ་	གོ་	PART
།		PUNCT
		
།		PUNCT
དེ་ནས་	དེ་ནས་	NO_POS
སངས་རྒྱས་	སངས་རྒྱས་	NOUN
ཀྱི་	གི་	PART
མཐུ་	མཐུ་	NOUN
ས་	གིས་	PART
།		PUNCT
ཚེ་	ཚེ་	NOUN
དང་	དང་	NO_POS
ལྡན་པ་	ལྡན་པ་	VERB
ཤཱ་རི་	ཤཱ་རི་	PROPN
འི་	གི་	PART
བུ་	བུ་	VERB
བྱང་ཆུབ་	བྱང་ཆུབ་	NOUN
སེམས་དཔའ་	སེམས་དཔའ་	NOUN
སེམས་དཔའ་	སེམས་དཔའ་	NOUN
ཆེན་པོ་	ཆེན་པོ་	ADJ
འཕགས་པ་	འཕགས་པ་	VERB
སྤྱན་རས་	སྤྱན་རས་	NO_POS
གཟིགས་	གཟིགས་	VERB
དབང་ཕྱུག་	དབང་ཕྱུག་	NOUN
ལ་	ལ་	PART
འདི་སྐད་	འདི་སྐད་	NO_POS
ཅེས་	ཅེས་	PART
སྨྲ་	སྨྲ་	VERB
ས་	གིས་	PART
སོ་	གོ་	PART
"།
།"		PUNCT
རིགས་	རིགས་	NOUN
ཀྱི་	གི་	PART
བུ་	བུ་	NOUN
གང་ལ་ལ་	གང་ལ་ལ་	NO_POS
ཤེས་རབ་	ཤེས་རབ་	NOUN
ཀྱི་	གི་	PART
ཕ་རོལ་	ཕ་རོལ་	NOUN
ཏུ་	ལ་	PART
ཕྱིན་པ་	ཕྱིན་པ་	VERB
ཟབ་མོ་	ཟབ་མོ་	ADJ
སྤྱོད་པ་	སྤྱོད་པ་	VERB
སྤྱད་པ་	སྤྱད་པ་	VERB
ར་	ལ་	PART
འདོད་པ་	འདོད་པ་	VERB
དེ་	དེ་	DET
ས་	གིས་	PART
ཇི་ལྟ་		
བསླབ་པ་	བསླབ་པ་	VERB
ར་	ལ་	PART
བྱ་	བྱ་	VERB
།		PUNCT
དེ་སྐད་	དེ་སྐད་	NO_POS
ཅེས་	ཅེས་	PART
སྨྲས་པ་	སྨྲས་པ་	VERB
དང་	དང་	NO_POS
།		PUNCT
		
བྱང་ཆུབ་	བྱང་ཆུབ་	NOUN
སེམས་དཔའ་	སེམས་དཔའ་	NOUN
སེམས་དཔའ་	སེམས་དཔའ་	NOUN
ཆེན་པོ་	ཆེན་པོ་	ADJ
འཕགས་པ་	འཕགས་པ་	VERB
སྤྱན་རས་	སྤྱན་རས་	NO_POS
གཟིགས་	གཟིགས་	VERB
དབང་ཕྱུག་	དབང་ཕྱུག་	NOUN
གིས་	གིས་	PART
ཚེ་	ཚེ་	NOUN
དང་	དང་	NO_POS
ལྡན་པ་	ལྡན་པ་	VERB
ཤཱ་	ཤཱ་	NO_POS
ར་	ར་	ADP
དྭ་	དྭ་	NO_POS
ཏིའི་		NON_WORD
བུ་	བུ་	NOUN
ལ་	ལ་	PART
འདི་སྐད་	འདི་སྐད་	NO_POS
ཅེས་	ཅེས་	PART
སྨྲ་	སྨྲ་	VERB
ས་	གིས་	PART
སོ་	གོ་	PART
"།
།"		PUNCT
ཤཱ་རི་	ཤཱ་རི་	PROPN
འི་	གི་	PART
བུ་	བུ་	NOUN
རིགས་	རིགས་	NOUN
ཀྱི་	གི་	PART
བུ་	བུ་	NOUN
འམ་	གམ་	PART
རིགས་	རིགས་	NOUN
ཀྱི་	གི་	PART
བུ་མོ་	བུ་མོ་	NOUN
གང་ལ་ལ་	གང་ལ་ལ་	NO_POS
ཤེས་རབ་	ཤེས་རབ་	NOUN
ཀྱི་	གི་	PART
ཕ་རོལ་	ཕ་རོལ་	NOUN
ཏུ་	ལ་	PART
ཕྱིན་པ་	ཕྱིན་པ་	VERB
ཟབ་མོ་	ཟབ་མོ་	ADJ
སྤྱོད་པ་	སྤྱོད་པ་	VERB
སྤྱད་པ་	སྤྱད་པ་	VERB
ར་	ལ་	PART
འདོད་པ་	འདོད་པ་	VERB
དེ་	དེ་	DET
ས་	གིས་	PART
འདི་ལྟར་	འདི་ལྟར་	NO_POS
རྣམ་པ་	རྣམ་པ་	NOUN
ར་	ལ་	PART
བལྟ་བ་	བལྟ་བ་	VERB
ར་	ལ་	PART
བྱ་	བྱ་	VERB
སྟེ་	སྟེ་	PART
།		PUNCT
ཕུང་པོ་	ཕུང་པོ་	NOUN
ལྔ་པོ་	ལྔ་པོ་	NUM
དེ་དག་	དེ་དག་	OTHER
ཀྱང་	ཀྱང་	PART
རང་བཞིན་	རང་བཞིན་	NOUN
གྱིས་	གིས་	PART
སྟོང་པ་	སྟོང་པ་	VERB
ར་	ལ་	PART
རྣམ་པ་	རྣམ་པ་	NOUN
ར་	ལ་	PART
ཡང་དག་པ་	ཡང་དག་པ་	ADJ
ར་	ལ་	PART
རྗེས་སུ་	རྗེས་སུ་	OTHER
བལྟ་	བལྟ་	VERB
འོ་	གོ་	PART
།		PUNCT
		
།		PUNCT
གཟུགས་	གཟུགས་	NOUN
སྟོང་པ་	སྟོང་པ་	VERB
འོ་	གོ་	PART
།		PUNCT
		
།		PUNCT
སྟོང་པ་ཉིད་	སྟོང་པ་ཉིད་	NOUN
ཀྱང་	ཀྱང་	PART
གཟུགས་	གཟུགས་	NOUN
སོ་	གོ་	PART
།		PUNCT
		
།		PUNCT
གཟུགས་	གཟུགས་	NOUN
ལ་	ལ་	ADP
ས་	གིས་	PART
སྟོང་པ་ཉིད་	སྟོང་པ་ཉིད་	NOUN
གཞན་མ་	གཞན་མ་	PRON
ཡིན་	ཡིན་	NO_POS
ནོ་	གོ་	PART
།		PUNCT
		
།		PUNCT
སྟོང་པ་ཉིད་	སྟོང་པ་ཉིད་	NOUN
ལ་	ལ་	ADP
ས་	གིས་	PART
ཀྱང་	ཀྱང་	PART
གཟུགས་	གཟུགས་	NOUN
གཞན་མ་	གཞན་མ་	PRON
ཡིན་	ཡིན་	NO_POS
ནོ་	གོ་	PART
།		PUNCT
		
།		PUNCT
དེ་བཞིན་	དེ་བཞིན་	OTHER
དུ་	ལ་	PART
ཚོར་བ་	ཚོར་བ་	VERB
དང་	དང་	NO_POS
།		PUNCT
		
འདུ་ཤེས་	འདུ་ཤེས་	NOUN
དང་	དང་	NO_POS
།		PUNCT
འདུ་བྱེད་	འདུ་བྱེད་	NOUN
དང་	དང་	NO_POS
།		PUNCT
		
རྣམ་པ་	རྣམ་པ་	NOUN
ར་	ལ་	PART
ཤེས་པ་	ཤེས་པ་	VERB
རྣམས་	རྣམས་	DET
སྟོང་པ་	སྟོང་པ་	VERB
འོ་	གོ་	PART
།		PUNCT
		
།		PUNCT
ཤཱ་རི་	ཤཱ་རི་	PROPN
འི་	གི་	PART
བུ་	བུ་	NOUN
དེ་ལྟ་བས་ན་	དེ་ལྟ་བས་ན་	NO_POS
ཆོ་	ཆོ་	NOUN
ཐམས་ཅད་	ཐམས་ཅད་	DET
སྟོང་པ་ཉིད་	སྟོང་པ་ཉིད་	NOUN
དེ་	སྟེ་	PART
།		PUNCT
མཚན་ཉིད་	མཚན་ཉིད་	NOUN
མེད་པ་	མེད་པ་	VERB
།		PUNCT
		
མ་	མ་	PART
སྐྱེས་པ་	སྐྱེས་པ་	VERB
།		PUNCT
		
མ་	མ་	PART
འགགས་པ་	འགགས་པ་	VERB
།		PUNCT
དྲི་མ་	དྲི་མ་	NOUN
མེད་པ་	མེད་པ་	VERB
།		PUNCT
		
དྲི་མ་	དྲི་མ་	NOUN
དང་	དང་	NO_POS
བྲལ་བ་	བྲལ་བ་	VERB
མེད་པ་	མེད་པ་	VERB
།		PUNCT
བྲི་བ་	བྲི་བ་	VERB
མེད་པ་	མེད་པ་	VERB
།		PUNCT
		
གང་བ་	གང་བ་	VERB
མེད་པ་	མེད་པ་	VERB
འོ་	གོ་	PART
།		PUNCT
		
།		PUNCT
ཤཱ་རི་	ཤཱ་རི་	PROPN
འི་	གི་	PART
བུ་	བུ་	NOUN
དེ་ལྟ་བས་ན་	དེ་ལྟ་བས་ན་	NO_POS
སྟོང་པ་ཉིད་	སྟོང་པ་ཉིད་	NOUN
ལ་	ལ་	PART
གཟུགས་	གཟུགས་	NOUN
མེད་	མེད་	VERB
།		PUNCT
ཚོར་བ་	ཚོར་བ་	VERB
མེད་	མེད་	VERB
།		PUNCT
		
འདུ་ཤེས་	འདུ་ཤེས་	NOUN
མེད་	མེད་	VERB
།		PUNCT
		
འདུ་བྱེད་	འདུ་བྱེད་	NOUN
རྣམས་	རྣམས་	DET
མེད་	མེད་	VERB
།		PUNCT
		
རྣམ་པ་	རྣམ་པ་	NOUN
ར་	ལ་	PART
ཤེས་པ་	ཤེས་པ་	VERB
མེད་	མེད་	VERB
།		PUNCT
མིག་	མིག་	NOUN
མེད་	མེད་	VERB
།		PUNCT
		
རྣ་བ་	རྣ་བ་	NOUN
མེད་	མེད་	VERB
།		PUNCT
		
སྣ་མེད་	སྣ་མེད་	NO_POS
།		PUNCT
		
ལྕེ་མེད་	ལྕེ་མེད་	NO_POS
།		PUNCT
		
ལུས་མེད་	ལུས་མེད་	NOUN
།		PUNCT
		
ཡིད་	ཡིད་	NOUN
མེད་	མེད་	VERB
།		PUNCT
གཟུགས་	གཟུགས་	NOUN
མེད་	མེད་	VERB
།		PUNCT
		
སྒྲ་མེད་	སྒྲ་མེད་	NO_POS
།		PUNCT
		
དྲི་མེད་	དྲི་མེད་	ADJ
།		PUNCT
		
རོ་	རོ་	NOUN
མེད་	མེད་	VERB
།		PUNCT
		
རེག་བྱ་	རེག་བྱ་	NOUN
མེད་	མེད་	VERB
།		PUNCT
		
ཆོ་	ཆོ་	NOUN
མེད་	མེད་	VERB
དོ་	གོ་	PART
།		PUNCT
		
།		PUNCT
མིག་	མིག་	NOUN
གི་	གི་	PART
ཁམས་	ཁམས་	NOUN
མེད་པ་	མེད་པ་	VERB
ན་	ནས་	PART
ཡིད་	ཡིད་	NOUN
ཀྱི་	གི་	PART
ཁམས་	ཁམས་	NOUN
མེད་	མེད་	VERB
།		PUNCT
ཡིད་	ཡིད་	NOUN
ཀྱི་	གི་	PART
རྣམ་པ་	རྣམ་པ་	NOUN
ར་	ལ་	PART
ཤེས་པ་	ཤེས་པ་	VERB
འི་	གི་	PART
ཁམས་	ཁམས་	NOUN
ཀྱི་	གི་	PART
བ་	བ་	NOUN
དུ་	ལ་	PART
ཡང་	ཀྱང་	PART
མེད་	མེད་	VERB
དོ་	གོ་	PART
།		PUNCT
		
།		PUNCT
མ་རིག་པ་	མ་རིག་པ་	NOUN
མེད་	མེད་	VERB
།		PUNCT
		
མ་རིག་པ་	མ་རིག་པ་	NOUN
ཟད་པ་	ཟད་པ་	VERB
མེད་པ་	མེད་པ་	VERB
ན་	ནས་	PART
རྒ་ཤི་	རྒ་ཤི་	NOUN
མེད་	མེད་	VERB
།		PUNCT
རྒ་ཤི་	རྒ་ཤི་	NOUN
ཟད་པ་	ཟད་པ་	VERB
འི་	གི་	PART
བ་	བ་	NOUN
དུ་	ལ་	PART
ཡང་	ཀྱང་	PART
མེད་	མེད་	VERB
དོ་	གོ་	PART
།		PUNCT
		
།		PUNCT
སྡུག་བསྔལ་བ་	སྡུག་བསྔལ་བ་	NOUN
དང་	དང་	NO_POS
།		PUNCT
		
ཀུན་འབྱུང་བ་	ཀུན་འབྱུང་བ་	NOUN
དང་	དང་	NO_POS
།		PUNCT
འགོག་པ་	འགོག་པ་	VERB
དང་	དང་	NO_POS
།		PUNCT
		
ལམ་	གམ་	PART
མེད་	མེད་	VERB
།		PUNCT
		
ཡེ་ཤེས་	ཡེ་ཤེས་	NOUN
མེད་	མེད་	VERB
།		PUNCT
		
ཐོབ་པ་	ཐོབ་པ་	VERB
མེད་	མེད་	VERB
།		PUNCT
མ་	མ་	PART
ཐོབ་པ་	ཐོབ་པ་	VERB
ཡང་	ཀྱང་	PART
མེད་	མེད་	VERB
དོ་	གོ་	PART
།		PUNCT
		
།		PUNCT
ཤཱ་རི་	ཤཱ་རི་	PROPN
འི་	གི་	PART
བུ་	བུ་	NOUN
དེ་ལྟ་བས་ན་	དེ་ལྟ་བས་ན་	NO_POS
བྱང་ཆུབ་	བྱང་ཆུབ་	NOUN
སེམས་དཔའ་	སེམས་དཔའ་	NOUN
རྣམས་	རྣམས་	DET
ཐོབ་པ་	ཐོབ་པ་	VERB
མེད་པ་	མེད་པ་	VERB
འི་	གི་	PART
ཕྱི་	ཕྱི་	OTHER
།		PUNCT
ཤེས་རབ་	ཤེས་རབ་	NOUN
ཀྱི་	གི་	PART
ཕ་རོལ་	ཕ་རོལ་	NOUN
ཏུ་	ལ་	PART
ཕྱིན་པ་	ཕྱིན་པ་	VERB
ལ་	ལ་	PART
བརྟེན་	བརྟེན་	VERB
ཅིང་	ཅིང་	PART
གནས་	གནས་	NOUN
ཏེ་	སྟེ་	PART
།		PUNCT
སེམས་	སེམས་	NOUN
ལ་	ལ་	PART
སྒྲིབ་པ་	སྒྲིབ་པ་	VERB
མེད་པ་	མེད་པ་	VERB
ས་	གིས་	PART
སྐྲག་པ་	སྐྲག་པ་	VERB
མེད་	མེད་	VERB
དེ་	སྟེ་	PART
།		PUNCT
ཕྱིན་	ཕྱིན་	VERB
ཅི་	ཅི་	NO_POS
ལོག་	ལོག་	VERB
ལ་	ལ་	ADP
ས་	གིས་	PART
ཤིན་ཏུ་	ཤིན་ཏུ་	NO_POS
འདའ་	འདའ་	VERB
ན་	ནས་	PART
མྱ་ངན་	མྱ་ངན་	NOUN
ལ་	ལ་	ADP
ས་	གིས་	PART
འདས་པ་	འདས་པ་	VERB
འི་	གི་	PART
མཐ་	མཐའ་	NOUN
ར་	ལ་	PART
ཕྱིན་	ཕྱིན་	VERB
ཏོ་	གོ་	PART
།		PUNCT
		
།		PUNCT
དུས་གསུམ་	དུས་གསུམ་	OTHER
དུ་	ལ་	PART
རྣམ་པ་	རྣམ་པ་	NOUN
ར་	ལ་	PART
བཞུགས་པ་	བཞུགས་པ་	VERB
འི་	གི་	PART
སངས་རྒྱས་	སངས་རྒྱས་	NOUN
ཐམས་ཅད་	ཐམས་ཅད་	DET
ཀྱང་	ཀྱང་	PART
ཤེས་རབ་	ཤེས་རབ་	NOUN
ཀྱི་	གི་	PART
ཕ་རོལ་	ཕ་རོལ་	NOUN
ཏུ་	ལ་	PART
ཕྱིན་པ་	ཕྱིན་པ་	VERB
ལ་	ལ་	PART
བརྟེན་	བརྟེན་	VERB
ན་	ནས་	PART
།		PUNCT
བླ་	བླ་	NOUN
ན་	ལ་	PART
མེད་པ་	མེད་པ་	VERB
ཡང་དག་པ་	ཡང་དག་པ་	ADJ
ར་	ལ་	PART
རྫོགས་པ་	རྫོགས་པ་	VERB
འི་	གི་	PART
བྱང་ཆུབ་	བྱང་ཆུབ་	NOUN
ཏུ་	ལ་	PART
མངོན་པ་	མངོན་པ་	OTHER
རྫོགས་པ་	རྫོགས་པ་	VERB
ར་	ལ་	PART
སངས་རྒྱས་	སངས་རྒྱས་	NOUN
སོ་	གོ་	PART
།		PUNCT
		
།		PUNCT
དེ་ལྟ་བས་ན་	དེ་ལྟ་བས་ན་	NO_POS
ཤེས་རབ་	ཤེས་རབ་	NOUN
ཀྱི་	གི་	PART
ཕ་རོལ་	ཕ་རོལ་	NOUN
ཏུ་	ལ་	PART
ཕྱིན་པ་	ཕྱིན་པ་	VERB
འི་	གི་	PART
སྔགས་	སྔགས་	NOUN
།		PUNCT
རིག་པ་	རིག་པ་	VERB
ཆེན་པོ་	ཆེན་པོ་	ADJ
འི་	གི་	PART
སྔགས་	སྔགས་	NOUN
།		PUNCT
		
བླ་	བླ་	NOUN
ན་	ལ་	PART
མེད་པ་	མེད་པ་	VERB
འི་	གི་	PART
སྔགས་	སྔགས་	NOUN
།		PUNCT
མི་མཉམ་པ་	མི་མཉམ་པ་	NO_POS
དང་	དང་	NO_POS
མཉམ་པ་	མཉམ་པ་	VERB
འི་	གི་	PART
སྔགས་	སྔགས་	NOUN
།		PUNCT
		
སྡུག་བསྔལ་	སྡུག་བསྔལ་	NOUN
ཐམས་ཅད་	ཐམས་ཅད་	DET
རབ་ཏུ་	རབ་ཏུ་	NO_POS
ཞི་བ་	ཞི་བ་	VERB
ར་	ལ་	PART
བྱེད་པ་	བྱེད་པ་	VERB
འི་	གི་	PART
སྔགས་	སྔགས་	NOUN
།		PUNCT
མི་	མི་	PART
བརྫུན་པ་	བརྫུན་པ་	VERB
ས་	གིས་	PART
ན་	ལ་	PART
བདེན་པ་	བདེན་པ་	VERB
ར་	ལ་	PART
ཤེས་པ་	ཤེས་པ་	VERB
ར་	ལ་	PART
བྱ་	བྱ་	VERB
སྟེ་	སྟེ་	PART
།		PUNCT
ཤེས་རབ་	ཤེས་རབ་	NOUN
ཀྱི་	གི་	PART
ཕ་རོལ་	ཕ་རོལ་	NOUN
ཏུ་	ལ་	PART
ཕྱིན་པ་	ཕྱིན་པ་	VERB
འི་	གི་	PART
སྔགས་	སྔགས་	NOUN
སྨྲས་པ་	སྨྲས་པ་	VERB
།		PUNCT
ཏདྱ་		NON_WORD
ཐཱ་		NON_WORD
།		PUNCT
		
ཨོཾ་	ཨོཾ་	X
ག་	ག་	PRON
ཏེ་	སྟེ་	PART
ག་	ག་	PRON
ཏེ་	སྟེ་	PART
པཱ་	པཱ་	NO_POS
ར་	ར་	ADP
ག་	ག་	PRON
ཏེ་	སྟེ་	PART
།		PUNCT
		
པཱ་	པཱ་	NO_POS
ར་	ར་	ADP
སཾ་		NON_WORD
ག་	ག་	PRON
ཏེ་	སྟེ་	PART
།		PUNCT
		
བོ་	པོ་	PART
དྷི་		NON_WORD
སྭཱ་		NON_WORD
ཧཱ་		NON_WORD
།		PUNCT
ཤཱ་རི་	ཤཱ་རི་	PROPN
འི་	གི་	PART
བུ་	བུ་	NOUN
བྱང་ཆུབ་	བྱང་ཆུབ་	NOUN
སེམས་དཔའ་	སེམས་དཔའ་	NOUN
སེམས་དཔའ་	སེམས་དཔའ་	NOUN
ཆེན་པོ་	ཆེན་པོ་	ADJ
ས་	གིས་	PART
དེ་ལྟ་	དེ་ལྟ་	NO_POS
ཤེས་རབ་	ཤེས་རབ་	NOUN
ཀྱི་	གི་	PART
ཕ་རོལ་	ཕ་རོལ་	NOUN
ཏུ་	ལ་	PART
ཕྱིན་པ་	ཕྱིན་པ་	VERB
ཟབ་མོ་	ཟབ་མོ་	ADJ
ལ་	ལ་	PART
བསླབ་པ་	བསླབ་པ་	VERB
ར་	ལ་	PART
བྱ་	བྱ་	VERB
འོ་	གོ་	PART
"།
།"		PUNCT
དེ་ནས་	དེ་ནས་	NO_POS
བཅོམ་ལྡན་འདས་	བཅོམ་ལྡན་འདས་	NOUN
ཏིང་ངེ་འཛིན་	ཏིང་ངེ་འཛིན་	NOUN
དེ་ལས་	དེ་ལས་	NO_POS
བཞེངས་	བཞེངས་	NO_POS
ཏེ་	སྟེ་	PART
།		PUNCT
བྱང་ཆུབ་	བྱང་ཆུབ་	NOUN
སེམས་དཔའ་	སེམས་དཔའ་	NOUN
སེམས་དཔའ་	སེམས་དཔའ་	NOUN
ཆེན་པོ་	ཆེན་པོ་	ADJ
འཕགས་པ་	འཕགས་པ་	VERB
སྤྱན་རས་	སྤྱན་རས་	NO_POS
གཟིགས་	གཟིགས་	VERB
དབང་ཕྱུག་	དབང་ཕྱུག་	NOUN
ལ་	ལ་	PART
ལེགས་	ལེགས་	VERB
སོ་	གོ་	PART
ཞེ་	ཅེས་	PART
བྱ་བ་	བྱ་བ་	VERB
བྱིན་	བྱིན་	VERB
ན་	ནས་	PART
།		PUNCT
ལེགས་	ལེགས་	VERB
སོ་	གོ་	PART
ལེགས་	ལེགས་	VERB
སོ་	གོ་	PART
།		PUNCT
		
།		PUNCT
རིགས་	རིགས་	NOUN
ཀྱི་	གི་	PART
བུ་	བུ་	NOUN
དེ་དེ་	དེ་དེ་	NO_POS
བཞིན་	བཞིན་	NOUN
ནོ་	གོ་	PART
།		PUNCT
		
།		PUNCT
རིགས་	རིགས་	NOUN
ཀྱི་	གི་	PART
བུ་	བུ་	NOUN
དེ་དེ་	དེ་དེ་	NO_POS
བཞིན་	བཞིན་	NOUN
ཏེ་	སྟེ་	PART
།		PUNCT
ཇི་ལྟ་		
ཁྱོད་	ཁྱོད་	PRON
ཀྱིས་	གིས་	PART
བསྟན་པ་	བསྟན་པ་	VERB
དེ་བཞིན་	དེ་བཞིན་	OTHER
དུ་	ལ་	PART
ཤེས་རབ་	ཤེས་རབ་	NOUN
ཀྱི་	གི་	PART
ཕ་རོལ་	ཕ་རོལ་	NOUN
ཏུ་	ལ་	PART
ཕྱིན་པ་	ཕྱིན་པ་	VERB
ཟབ་མོ་	ཟབ་མོ་	ADJ
ལ་	ལ་	PART
སྤྱད་པ་	སྤྱད་པ་	VERB
ར་	ལ་	PART
བྱ་	བྱ་	VERB
སྟེ་	སྟེ་	PART
།		PUNCT
དེ་བཞིན་	དེ་བཞིན་	OTHER
གཤེགས་པ་	གཤེགས་པ་	VERB
རྣམས་	རྣམས་	DET
ཀྱང་	ཀྱང་	PART
རྗེས་སུ་	རྗེས་སུ་	OTHER
ཡི་	གི་	PART
རང་	རང་	PRON
ངོ་	གོ་	PART
།		PUNCT
		
།		PUNCT
བཅོམ་ལྡན་འདས་	བཅོམ་ལྡན་འདས་	NOUN
ཀྱིས་	གིས་	PART
དེ་སྐད་	དེ་སྐད་	NO_POS
ཅེས་	ཅེས་	PART
བཀའ་	བཀའ་	NOUN
སྩལ་	སྩལ་	VERB
ན་	ནས་	PART
།		PUNCT
ཚེ་	ཚེ་	NOUN
དང་	དང་	NO_POS
ལྡན་པ་	ལྡན་པ་	VERB
ཤཱ་རི་	ཤཱ་རི་	PROPN
འི་	གི་	PART
བུ་	བུ་	NOUN
དང་	དང་	NO_POS
།		PUNCT
བྱང་ཆུབ་	བྱང་ཆུབ་	NOUN
སེམས་དཔའ་	སེམས་དཔའ་	NOUN
སེམས་དཔའ་	སེམས་དཔའ་	NOUN
ཆེན་པོ་	ཆེན་པོ་	ADJ
འཕགས་པ་	འཕགས་པ་	VERB
སྤྱན་རས་	སྤྱན་རས་	NO_POS
གཟིགས་	གཟིགས་	VERB
དབང་ཕྱུག་	དབང་ཕྱུག་	NOUN
དང་	དང་	NO_POS
།		PUNCT
ཐམས་ཅད་	ཐམས་ཅད་	DET
དང་	དང་	NO_POS
ལྡན་པ་	ལྡན་པ་	VERB
འི་	གི་	PART
འཁོར་	འཁོར་	NOUN
དེ་དག་	དེ་དག་	OTHER
དང་	དང་	NO_POS
།		PUNCT
		
ལྷ་	ལྷ་	NOUN
དང་	དང་	NO_POS
།		PUNCT
		
མི་	མི་	PART
དང་	དང་	NO_POS
།		PUNCT
ལྷ་མ་	ལྷ་མ་	PROPN
ཡིན་	ཡིན་	NO_POS
དང་	དང་	NO_POS
།		PUNCT
		
དྲི་ཟ་	དྲི་ཟ་	NOUN
ར་	ལ་	PART
བཅས་པ་	བཅས་པ་	VERB
འི་	གི་	PART
འཇིག་རྟེན་	འཇིག་རྟེན་	NOUN
ཡི་	གི་	PART
རངས་	རངས་	NO_POS
ཏེ་	སྟེ་	PART
།		PUNCT
བཅོམ་ལྡན་འདས་	བཅོམ་ལྡན་འདས་	NOUN
ཀྱིས་	གིས་	PART
གསུངས་པ་	གསུངས་པ་	VERB
ལ་	ལ་	PART
མངོན་པ་	མངོན་པ་	OTHER
བསྟོད་	བསྟོད་	VERB
དོ་	གོ་	PART
།		PUNCT
		
།		PUNCT
བཅོམ་ལྡན་འདས་	བཅོམ་ལྡན་འདས་	NOUN
མ་	མ་	PART
ཤེས་རབ་	ཤེས་རབ་	NOUN
ཀྱི་	གི་	PART
ཕ་རོལ་	ཕ་རོལ་	NOUN
ཏུ་	ལ་	PART
ཕྱིན་པ་	ཕྱིན་པ་	VERB
འི་	གི་	PART
སྙིང་པོ་	སྙིང་པོ་	NOUN
ཞེ་	ཅེས་	PART
བྱ་བ་	བྱ་བ་	VERB
ཐེག་པ་	ཐེག་པ་	NOUN
ཆེན་པོ་	ཆེན་པོ་	ADJ
འི་	གི་	PART
མདོ་	མདོ་	NOUN
རྫོགས་	རྫོགས་	VERB
སོ་	གོ་	PART
།།		PUNCT
		
"།།
༈"		PUNCT
		
ཏདྱ་		NON_WORD
ཐཱ་		NON_WORD
།		PUNCT
		
ཨོཾ་	ཨོཾ་	X
ག་	ག་	PRON
ཏེ་	སྟེ་	PART
ག་	ག་	PRON
ཏེ་	སྟེ་	PART
པཱ་	པཱ་	NO_POS
ར་	ར་	ADP
ག་	ག་	PRON
ཏེ་	སྟེ་	PART
།		PUNCT
		
པཱ་	པཱ་	NO_POS
ར་	ར་	ADP
སཾ་		NON_WORD
ག་	ག་	PRON
ཏེ་	སྟེ་	PART
།		PUNCT
		
བོ་	པོ་	PART
དྷི་		NON_WORD
སྭཱ་		NON_WORD
ཧཱ་		NON_WORD
།		PUNCT
མདོ་	མདོ་	NOUN
སྒྲུབ་	སྒྲུབ་	VERB
བྱ་བ་	བྱ་བ་	VERB
ར་	ལ་	PART
འདོད་	འདོད་	VERB
ན་	ལ་	PART
།		PUNCT
		
མདུན་	མདུན་	NOUN
མཁའ་	མཁའ་	NOUN
དེ་བཞིན་	དེ་བཞིན་	OTHER
གཤེགས་པ་	གཤེགས་པ་	VERB
བདུད་འདུལ་	བདུད་འདུལ་	OTHER
གྱི་	གི་	PART
ཕྱག་རྒྱ་	ཕྱག་རྒྱ་	NOUN
ཅན་	ཅན་	PART
གྱི་	གི་	PART
འཁོར་	འཁོར་	NOUN
དུ་	ལ་	PART
སྤྱན་རས་	སྤྱན་རས་	NO_POS
གཟིགས་	གཟིགས་	VERB
དང་	དང་	NO_POS
།		PUNCT
ཤཱ་རི་	ཤཱ་རི་	PROPN
འི་	གི་	PART
བུ་	བུ་	NOUN
གཉིས་	གཉིས་	NUM
དྲི་ལན་	དྲི་ལན་	OTHER
མཛད་པ་	མཛད་པ་	VERB
སོགས་	སོགས་	DET
ཐེག་པ་	ཐེག་པ་	NOUN
ཆེ་ཆུང་	ཆེ་ཆུང་	ADJ
གི་	གི་	PART
དགེ་འདུན་	དགེ་འདུན་	NOUN
གྱིས་	གིས་	PART
བསྐོར་བ་	བསྐོར་བ་	VERB
ར་	ལ་	PART
མོ་	མོ་	VERB
ལ་	ལ་	PART
།		PUNCT
སྟོང་པ་ཉིད་	སྟོང་པ་ཉིད་	NOUN
ཀྱི་	གི་	PART
དོན་	དོན་	NOUN
ལ་	ལ་	PART
སེམས་	སེམས་	NOUN
བཞིན་	བཞིན་	NOUN
དུ་	ལ་	PART
མདོ་	མདོ་	NOUN
ཟབ་མོ་	ཟབ་མོ་	ADJ
བདུན་	བདུན་	NUM
ཡན་ཆད་	ཡན་ཆད་	ADV
ཅི་	ཅི་	NO_POS
མང་	མང་	VERB
དང་	དང་	NO_POS
།		PUNCT
		
རིག་	རིག་	VERB
སྔགས་	སྔགས་	NOUN
ཀྱང་	ཀྱང་	PART
ཅི་རིགས་པ་	ཅི་རིགས་པ་	OTHER
ར་	ལ་	PART
བཟློགས་		NON_WORD
ན་	ནས་	PART
།		PUNCT
མཐ་	མཐའ་	NOUN
ར་	ལ་	PART
བདུད་	བདུད་	NOUN
བཟློག་	བཟློག་	VERB
བྱ་ན་	བྱ་ན་	NOUN
"།
༈"		PUNCT
		
ན་མོ་	ན་མོ་	X
བླ་མ་	བླ་མ་	NOUN
ལ་	ལ་	PART
ཕྱག་	ཕྱག་	NOUN
འཚལ་	འཚལ་	VERB
ལོ་	གོ་	PART
།		PUNCT
		
།		PUNCT
སངས་རྒྱས་	སངས་རྒྱས་	NOUN
ལ་	ལ་	PART
ཕྱག་	ཕྱག་	NOUN
འཚལ་	འཚལ་	VERB
ལོ་	གོ་	PART
།		PUNCT
		
།		PUNCT
ཆོ་	ཆོ་	NOUN
ལ་	ལ་	PART
ཕྱག་	ཕྱག་	NOUN
འཚལ་	འཚལ་	VERB
ལོ་	གོ་	PART
།		PUNCT
		
།		PUNCT
དགེ་འདུན་	དགེ་འདུན་	NOUN
ལ་	ལ་	PART
ཕྱག་	ཕྱག་	NOUN
འཚལ་	འཚལ་	VERB
ལོ་	གོ་	PART
།		PUNCT
		
།		PUNCT
ཡུམ་	ཡུམ་	NOUN
ཆེན་	ཆེན་	NO_POS
མོ་	གོ་	PART
ཤེས་རབ་	ཤེས་རབ་	NOUN
ཀྱི་	གི་	PART
ཕ་རོལ་	ཕ་རོལ་	NOUN
ཏུ་	ལ་	PART
ཕྱིན་པ་	ཕྱིན་པ་	VERB
ལ་	ལ་	PART
ཕྱག་	ཕྱག་	NOUN
འཚལ་	འཚལ་	VERB
ལོ་	གོ་	PART
།		PUNCT
		
།		PUNCT
ཁྱེད་	ཁྱེད་	PRON
རྣམས་	རྣམས་	DET
ལ་	ལ་	PART
ཕྱག་	ཕྱག་	NOUN
འཚལ་བ་	འཚལ་བ་	VERB
འི་	གི་	PART
མཐུ་	མཐུ་	NOUN
དང་	དང་	NO_POS
ནུས་པ་	ནུས་པ་	VERB
ལ་	ལ་	PART
བརྟེན་	བརྟེན་	VERB
ན་	ནས་	PART
།		PUNCT
བདག་ཅག་	བདག་ཅག་	PRON
གི་	གི་	PART
ཚིག་	ཚིག་	NOUN
འདི་	འདི་	DET
འགྲུབ་པ་	འགྲུབ་པ་	VERB
ར་	ལ་	PART
གྱུར་ཅིག་	གྱུར་ཅིག་	NO_POS
		
།		PUNCT
ཇི་ལྟ་		
སྔོན་	སྔོན་	ADV
ལྷ་	ལྷ་	NOUN
འི་	གི་	PART
དབང་པོ་	དབང་པོ་	NOUN
བརྒྱ་བྱིན་	བརྒྱ་བྱིན་	PROPN
གྱིས་	གིས་	PART
ཡུམ་	ཡུམ་	NOUN
ཆེན་	ཆེན་	NO_POS
མོ་	གོ་	PART
ཤེས་རབ་	ཤེས་རབ་	NOUN
ཀྱི་	གི་	PART
ཕ་རོལ་	ཕ་རོལ་	NOUN
ཏུ་	ལ་	PART
ཕྱིན་པ་	ཕྱིན་པ་	VERB
འི་	གི་	PART
དོན་	དོན་	NOUN
ཟབ་མོ་	ཟབ་མོ་	ADJ
ཡིད་	ཡིད་	NOUN
ལ་	ལ་	PART
བསམ་	བསམ་	NOUN
ཞིང་	ཅིང་	PART
ཚིག་	ཚིག་	NOUN
ཁ་ཏོན་	ཁ་ཏོན་	NOUN
དུ་	ལ་	PART
བྱས་པ་	བྱས་པ་	VERB
འི་	གི་	PART
མཐུ་	མཐུ་	NOUN
དང་	དང་	NO_POS
ནུས་པ་	ནུས་པ་	VERB
ལ་	ལ་	PART
བརྟེན་	བརྟེན་	VERB
ན་	ནས་	PART
"།
།"		PUNCT
བདུད་	བདུད་	NOUN
སྡིག་ཅན་	སྡིག་ཅན་	ADJ
ལ་སོགས་པ་	ལ་སོགས་པ་	NO_POS
ཕྱིར་བཟློག་པ་	ཕྱིར་བཟློག་པ་	NO_POS
དེ་བཞིན་	དེ་བཞིན་	OTHER
དུ་	ལ་	PART
བདག་	བདག་	PRON
གིས་	གིས་	PART
ཀྱང་	ཀྱང་	PART
ཡུམ་	ཡུམ་	NOUN
ཆེན་	ཆེན་	NO_POS
མོ་	གོ་	PART
ཤེས་རབ་	ཤེས་རབ་	NOUN
ཀྱི་	གི་	PART
ཕ་རོལ་	ཕ་རོལ་	NOUN
ཏུ་	ལ་	PART
ཕྱིན་པ་	ཕྱིན་པ་	VERB
འི་	གི་	PART
དོན་	དོན་	NOUN
ཟབ་མོ་	ཟབ་མོ་	ADJ
ཡིད་	ཡིད་	NOUN
ལ་	ལ་	PART
བསམ་	བསམ་	NOUN
ཞིང་	ཅིང་	PART
ཚིག་	ཚིག་	NOUN
ཁ་ཏོན་	ཁ་ཏོན་	NOUN
དུ་	ལ་	PART
བྱས་པ་	བྱས་པ་	VERB
འི་	གི་	PART
མཐུ་	མཐུ་	NOUN
དང་	དང་	NO_POS
ནུས་པ་	ནུས་པ་	VERB
ལ་	ལ་	PART
བརྟེན་	བརྟེན་	VERB
ན་	ནས་	PART
"།
།"		PUNCT
བདག་	བདག་	PRON
འཁོར་	འཁོར་	NOUN
དང་	དང་	NO_POS
བཅས་པ་	བཅས་པ་	VERB
འི་	གི་	PART
དམ་པ་	དམ་པ་	VERB
འི་	གི་	PART
ཆོ་	ཆོ་	NOUN
སྒྲུབ་པ་	སྒྲུབ་པ་	VERB
འི་	གི་	PART
སྤང་བྱ་	སྤང་བྱ་	NOUN
མི་མཐུན་པ་	མི་མཐུན་པ་	NO_POS
འི་	གི་	PART
ཕྱོགས་	ཕྱོགས་	NOUN
ཐམས་ཅད་	ཐམས་ཅད་	DET
ཕྱིར་བཟློག་པ་	ཕྱིར་བཟློག་པ་	NO_POS
ར་	ལ་	PART
གྱུར་ཅིག་	གྱུར་ཅིག་	NO_POS
།		PUNCT
མེད་པ་	མེད་པ་	VERB
ར་	ལ་	PART
གྱུར་ཅིག་	གྱུར་ཅིག་	NO_POS
		
།		PUNCT
ཞི་བ་	ཞི་བ་	VERB
ར་	ལ་	PART
གྱུར་ཅིག་	གྱུར་ཅིག་	NO_POS
		
།		PUNCT
རབ་ཏུ་	རབ་ཏུ་	NO_POS
ཞི་བ་	ཞི་བ་	VERB
ར་	ལ་	PART
གྱུར་ཅིག་	གྱུར་ཅིག་	NO_POS
		
"།
༈"		PUNCT
		
གང་	གང་	NO_POS
གིས་	གིས་	PART
རྟེན་	རྟེན་	NOUN
ཅིང་	ཅིང་	PART
འབྲེལ་བ་	འབྲེལ་བ་	VERB
ར་	ལ་	PART
འབྱུང་	འབྱུང་	VERB
།		PUNCT
		
།		PUNCT
འགག་པ་	འགག་པ་	VERB
མེད་པ་	མེད་པ་	VERB
སྐྱེ་	སྐྱེ་	NOUN
མེད་པ་	མེད་པ་	VERB
།		PUNCT
		
།		PUNCT
ཆད་པ་	ཆད་པ་	VERB
མེད་པ་	མེད་པ་	VERB
རྟག་	རྟག་	VERB
མེད་པ་	མེད་པ་	VERB
།		PUNCT
		
།		PUNCT
འོང་བ་	འོང་བ་	VERB
མེད་པ་	མེད་པ་	VERB
འགྲོ་མེད་པ་	འགྲོ་མེད་པ་	NO_POS
།		PUNCT
		
།		PUNCT
ཐ་དད་	ཐ་དད་	ADJ
དོན་	དོན་	NOUN
མིན་	མིན་	AUX
དོན་	དོན་	NOUN
གཅིག་	གཅིག་	NUM
མིན་	མིན་	AUX
།		PUNCT
		
།		PUNCT
སྤྲོས་པ་	སྤྲོས་པ་	VERB
ཉེར་ཞི་	ཉེར་ཞི་	NO_POS
ཞི་	ཞི་	VERB
སྟོན་པ་	སྟོན་པ་	NOUN
།		PUNCT
		
།		PUNCT
རྫོགས་པ་	རྫོགས་པ་	VERB
འི་	གི་	PART
སངས་རྒྱས་	སངས་རྒྱས་	NOUN
སྨྲ་	སྨྲ་	VERB
རྣམས་	རྣམས་	DET
ཀྱི་	གི་	PART
།		PUNCT
		
།		PUNCT
དམ་པ་	དམ་པ་	VERB
དེ་	སྟེ་	PART
ལ་	ལ་	PART
ཕྱག་	ཕྱག་	NOUN
འཚལ་	འཚལ་	VERB
ལོ་	གོ་	PART
།		PUNCT
		
།		PUNCT
རྫོགས་པ་	རྫོགས་པ་	VERB
འི་	གི་	PART
བྱང་ཆུབ་	བྱང་ཆུབ་	NOUN
སྒྲུབ་པ་	སྒྲུབ་པ་	VERB
ལ་	ལ་	PART
།		PUNCT
		
།		PUNCT
ཕྱི་	ཕྱི་	NOUN
དང་	དང་	NO_POS
ནང་	ནང་	NOUN
གི་	གི་	PART
འཚེ་བ་	འཚེ་བ་	VERB
ཡི་	གི་	PART
།		PUNCT
		
།		PUNCT
བ་	བ་	NOUN
དུ་	ལ་	PART
གཅོད་པ་	གཅོད་པ་	VERB
ཐམས་ཅད་	ཐམས་ཅད་	DET
ཀུན་	ཀུན་	DET
།		PUNCT
		
།		PUNCT
ཉེ་བ་		
ཞི་བ་	ཞི་བ་	VERB
ར་	ལ་	PART
མཛད་	མཛད་	VERB
དུ་	ལ་	PART
གསོལ་	གསོལ་	VERB
།		PUNCT
		
།		PUNCT
གཞན་	གཞན་	DET
ཡང་	ཀྱང་	PART
སྐྱེ་བ་	སྐྱེ་བ་	VERB
འདི་ཉིད་	འདི་ཉིད་	OTHER
དུ་	ལ་	PART
།		PUNCT
		
།		PUNCT
མི་	མི་	PART
མཐུན་	མཐུན་	VERB
ཕྱོགས་	ཕྱོགས་	NOUN
ཀུན་	ཀུན་	DET
ཞི་བ་	ཞི་བ་	VERB
དང་	དང་	NO_POS
།		PUNCT
		
།		PUNCT
ཚེ་རིང་	ཚེ་རིང་	NOUN
ནད་མེད་	ནད་མེད་	ADJ
ཕུན་སུམ་	ཕུན་སུམ་	OTHER
ཚོགས་	ཚོགས་	NOUN
།		PUNCT
		
།		PUNCT
རྟག་	རྟག་	VERB
ཏུ་	ལ་	PART
བདེ་	བདེ་	VERB
དང་	དང་	NO_POS
ལྡན་	ལྡན་	VERB
གྱུར་ཅིག་	གྱུར་ཅིག་	NO_POS
།		PUNCT
		
།།		PUNCT
